{
  "MAX_RUL": 125,
  "SEQUENCE_LENGTH": 70,
  "final_feature_list": [
    "op_1",
    "op_2",
    "op_3",
    "s_2",
    "s_3",
    "s_4",
    "s_6",
    "s_7",
    "s_8",
    "s_9",
    "s_11",
    "s_12",
    "s_13",
    "s_14",
    "s_15",
    "s_17",
    "s_20",
    "s_21"
  ],
  "y_train_mean": 86.82928602588338,
  "y_train_std": 41.67369885453619
}